A;sigma_A;B;sigma_B;f
0.393243089;0.016334645;5.665997923;3.466327895;5
