A;sigma_A;B;sigma_B;f
4963.342433;44.10364603;6.205132656;1.10630712;7
