A;sigma_A;B;sigma_B;f
7671.583756;23.44471567;15.24502478;0.404548503;6
