A;sigma_A;B;sigma_B;f
0.779282199;0.004501551;0.677466455;0.508052718;5
