A;sigma_A;B;sigma_B;f
0.378418543;0.017807719;6.903284536;3.874682316;5
