A;sigma_A;B;sigma_B;f
0.788532328;0.002399165;-0.235963302;0.270084768;5
